{
	"authHost": "https://admin.christianlifeacademy-id.com",
	"authEndpoint": "/broadcasting/auth",
	"clients": [],
	"database": "redis",
	"databaseConfig": {
		"redis": {
			"port":"6379",
			"host": "127.0.0.1"
		},
		"sqlite": {
			"databasePath": "/database/laravel-echo-server.sqlite"
		}
	},
	"devMode": true,
	"host": null,
	"port": "6004",
	"protocol": "https",
	"socketio": {},
	"secureOptions": 67108864,
	"sslCertPath": "/etc/letsencrypt/live/admin.christianlifeacademy-id.com/cert.pem",
	"sslKeyPath": "/etc/letsencrypt/live/admin.christianlifeacademy-id.com/privkey.pem",
	"sslCertChainPath": "/etc/letsencrypt/live/admin.christianlifeacademy-id.com/fullchain.pem",
	"sslPassphrase": "",
	"subscribers": {
		"https": true,
		"redis": true
	},
	"apiOriginAllow": {
		"allowCors": true,
		"allowOrigin": "",
		"allowMethods": "",
		"allowHeaders": ""
	}
}
