{
    "font awesome 5 brands": {
        "normal": "font_awesome_5_brands_normal_36faa0e194d3288643f7144dedd8e1b1"
    },
    "font awesome 5 free": {
        "normal": "font_awesome_5_free_normal_cf2d7daaeabedac0226ae26fc7e4f075",
        "900": "\/var\/www\/html\/casual_freelance\/admin\/storage\/fonts\/\/font_awesome_5_free_900_665c8d2ea728525da852b5cd3a1d51a5"
    },
    "font awesome 6 brands": {
        "normal": "font_awesome_6_brands_normal_36faa0e194d3288643f7144dedd8e1b1"
    },
    "font awesome 6 free": {
        "normal": "\/var\/www\/html\/casual_freelance\/admin\/storage\/fonts\/\/font_awesome_6_free_normal_cf2d7daaeabedac0226ae26fc7e4f075",
        "900": "font_awesome_6_free_900_665c8d2ea728525da852b5cd3a1d51a5"
    },
    "fontawesome": {
        "normal": "fontawesome_normal_6aa5cc0b95be2651581a2d7ad4a9d038"
    }
}